{"cameraMode":{"drawMode":0,"name":"Shaded","section":"Shading Mode"},"sceneLighting":true,"audioPlay":false,"sceneViewState":{"showFog":true,"showMaterialUpdate":false,"showSkybox":true,"showFlares":true,"showImageEffects":true,"showParticleSystems":true},"in2DMode":false,"pivot":{"x":318.1127014160156,"y":-173.54931640625,"z":318.9515380859375},"rotation":{"x":-0.40605729818344118,"y":0.03699474781751633,"z":-0.016454322263598443,"w":-0.9129502773284912},"size":832.2884521484375,"orthographic":false}